{"cameraMode":{"drawMode":0,"name":"Shaded","section":"Shading Mode"},"sceneLighting":false,"audioPlay":false,"sceneViewState":{"showFog":false,"showMaterialUpdate":false,"showSkybox":false,"showFlares":false,"showImageEffects":false,"showParticleSystems":true},"in2DMode":false,"pivot":{"x":1.3491969108581544,"y":0.8305294513702393,"z":0.9339773654937744},"rotation":{"x":-0.4819285273551941,"y":0.4195716977119446,"z":-0.282636821269989,"w":-0.7154166102409363},"size":2.2463979721069338,"orthographic":false}