{"cameraMode":{"drawMode":0,"name":"Shaded","section":"Shading Mode"},"sceneLighting":true,"audioPlay":false,"sceneViewState":{"showFog":false,"showMaterialUpdate":false,"showSkybox":false,"showFlares":false,"showImageEffects":false,"showParticleSystems":true},"in2DMode":false,"pivot":{"x":-1.3450664281845093,"y":-7.625611305236816,"z":3.4385628700256349},"rotation":{"x":0.5386269688606262,"y":-0.002798951929435134,"z":0.0017881101230159402,"w":0.8425378203392029},"size":22.568042755126954,"orthographic":false}