{"cameraMode":{"drawMode":0,"name":"Shaded","section":"Shading Mode"},"sceneLighting":false,"audioPlay":false,"sceneViewState":{"showFog":false,"showMaterialUpdate":false,"showSkybox":false,"showFlares":false,"showImageEffects":false,"showParticleSystems":true},"in2DMode":false,"pivot":{"x":3.2300000190734865,"y":0.8500000238418579,"z":-3.6599998474121095},"rotation":{"x":0.21341580152511598,"y":0.3696422576904297,"z":-0.0876464694738388,"w":0.9000757932662964},"size":2.8578834533691408,"orthographic":false}